INCIDENT_NUMBER,OFFENSE_CODE,OFFENSE_CODE_GROUP,OFFENSE_DESCRIPTION,DISTRICT,REPORTING_AREA,SHOOTING,OCCURRED_ON_DATE,YEAR,MONTH,DAY_OF_WEEK,HOUR,UCR_PART,STREET,Lat,Long,Location
I182080058,2403,Disorderly Conduct,DISTURBING THE PEACE,E18,495,,10/3/18 20:13,2018,10,Wednesday,20,Part Two,ARLINGTON ST,42.26260773,-71.12118637,"(42.26260773, -71.12118637)"
I182079756,3301,Verbal Disputes,VERBAL DISPUTE,B2,260,,10/2/18 23:02,2018,10,Tuesday,23,Part Three,FOLSOM ST,42.31855552,-71.0717361,"(42.31855552, -71.07173610)"
I182079756,2647,Other,THREATS TO DO BODILY HARM,B2,260,,10/2/18 23:02,2018,10,Tuesday,23,Part Two,FOLSOM ST,42.31855552,-71.0717361,"(42.31855552, -71.07173610)"
I182079753,3831,Motor Vehicle Accident Response,M/V - LEAVING SCENE - PROPERTY DAMAGE,C11,378,,10/2/18 22:15,2018,10,Tuesday,22,Part Three,PIERCE AVE,42.28743256,-71.0526387,"(42.28743256, -71.05263870)"
I182079751,802,Simple Assault,ASSAULT SIMPLE - BATTERY,B2,268,,10/2/18 21:53,2018,10,Tuesday,21,Part Two,DUDLEY ST,42.32832264,-71.07861091,"(42.32832264, -71.07861091)"
I182079750,3501,Missing Person Reported,MISSING PERSON,B2,587,,10/2/18 22:33,2018,10,Tuesday,22,Part Three,ALLEGHANY ST,42.33056977,-71.09959089,"(42.33056977, -71.09959089)"
I182079749,3301,Verbal Disputes,VERBAL DISPUTE,B3,454,,10/2/18 22:06,2018,10,Tuesday,22,Part Three,RIPLEY RD,42.29926303,-71.07626513,"(42.29926303, -71.07626513)"
I182079748,3008,Medical Assistance,SUICIDE / SUICIDE ATTEMPT,B2,324,,10/2/18 22:02,2018,10,Tuesday,22,Part Three,BLUE HILL AVE,42.31803027,-71.07787472,"(42.31803027, -71.07787472)"
I182079638,613,Larceny,LARCENY SHOPLIFTING,C6,186,,10/2/18 15:54,2018,10,Tuesday,15,Part One,ALLSTATE RD,42.32696647,-71.06198607,"(42.32696647, -71.06198607)"
I182066254,614,Larceny From Motor Vehicle,LARCENY THEFT FROM MV - NON-ACCESSORY,C6,224,,8/18/18 20:00,2018,8,Saturday,20,Part One,E SECOND ST,42.33742812,-71.02902983,"(42.33742812, -71.02902983)"
I182066253,3410,Towed,TOWED MOTOR VEHICLE,C6,213,,8/19/18 10:52,2018,8,Sunday,10,Part Three,F ST,42.33741306,-71.04705969,"(42.33741306, -71.04705969)"
I182066252,3831,Motor Vehicle Accident Response,M/V - LEAVING SCENE - PROPERTY DAMAGE,C6,188,,8/19/18 10:50,2018,8,Sunday,10,Part Three,BOSTON ST,42.32111259,-71.06134031,"(42.32111259, -71.06134031)"
I182066251,3410,Towed,TOWED MOTOR VEHICLE,D4,148,,8/19/18 10:13,2018,8,Sunday,10,Part Three,COLUMBUS AVE,42.34242808,-71.07952412,"(42.34242808, -71.07952412)"
I182066250,3114,Investigate Property,INVESTIGATE PROPERTY,E18,520,,8/19/18 11:47,2018,8,Sunday,11,Part Three,HYDE PARK AVE,42.25621592,-71.12401947,"(42.25621592, -71.12401947)"
I182066249,619,Larceny,LARCENY ALL OTHERS,B2,306,,7/20/18 20:53,2018,7,Friday,20,Part One,DENNISON ST,42.3177913,-71.09334526,"(42.31779130, -71.09334526)"
I182066248,3502,Missing Person Located,MISSING PERSON - LOCATED,B2,612,,8/19/18 11:54,2018,8,Sunday,11,Part Three,FRANCIS ST,42.33606304,-71.10782832,"(42.33606304, -71.10782832)"
I182066248,3501,Missing Person Reported,MISSING PERSON,B2,612,,8/19/18 11:54,2018,8,Sunday,11,Part Three,FRANCIS ST,42.33606304,-71.10782832,"(42.33606304, -71.10782832)"
I182066247,542,Commercial Burglary,BURGLARY - COMMERICAL - NO FORCE,A1, ,,8/18/18 20:30,2018,8,Saturday,20,Part One,LONG WHRF,,,"(0.00000000, 0.00000000)"
I182066246,614,Larceny From Motor Vehicle,LARCENY THEFT FROM MV - NON-ACCESSORY,C6,225,,8/17/18 18:00,2018,8,Friday,18,Part One,E FOURTH ST,42.33466748,-71.04125555,"(42.33466748, -71.04125555)"
I182066246,1402,Vandalism,VANDALISM,C6,225,,8/17/18 18:00,2018,8,Friday,18,Part Two,E FOURTH ST,42.33466748,-71.04125555,"(42.33466748, -71.04125555)"
I182066245,3114,Investigate Property,INVESTIGATE PROPERTY,E18,479,,8/19/18 11:47,2018,8,Sunday,11,Part Three,RUGBY RD,42.26989589,-71.10413576,"(42.26989589, -71.10413576)"
I182066244,1402,Vandalism,VANDALISM,C6,189,,8/18/18 22:48,2018,8,Saturday,22,Part Two,DORCHESTER AVE,42.32481502,-71.05685147,"(42.32481502, -71.05685147)"
I182066243,617,Larceny,LARCENY THEFT FROM BUILDING,A7,26,,8/18/18 19:25,2018,8,Saturday,19,Part One,BORDER ST,42.38093345,-71.04023929,"(42.38093345, -71.04023929)"
I182066242,3114,Investigate Property,INVESTIGATE PROPERTY,D14,791,,8/19/18 11:25,2018,8,Sunday,11,Part Three,SUMMIT AVE,42.34548055,-71.14046685,"(42.34548055, -71.14046685)"
I182066241,3831,Motor Vehicle Accident Response,M/V - LEAVING SCENE - PROPERTY DAMAGE,B2,316,,8/18/18 19:00,2018,8,Saturday,19,Part Three,WALNUT AVE,42.31633754,-71.09326915,"(42.31633754, -71.09326915)"
I182066240,3410,Towed,TOWED MOTOR VEHICLE,E13, ,,8/19/18 10:58,2018,8,Sunday,10,Part Three,COLUMBUS AVE,,,"(0.00000000, 0.00000000)"
I182066240,3802,Motor Vehicle Accident Response,M/V ACCIDENT - PROPERTY  DAMAGE,E13, ,,8/19/18 10:58,2018,8,Sunday,10,Part Three,COLUMBUS AVE,,,"(0.00000000, 0.00000000)"
I182066239,3410,Towed,TOWED MOTOR VEHICLE,D14,793,,8/19/18 10:25,2018,8,Sunday,10,Part Three,KELTON ST,42.34650102,-71.13612792,"(42.34650102, -71.13612792)"
I182066238,3410,Towed,TOWED MOTOR VEHICLE,D4,624,,8/19/18 09:43,2018,8,Sunday,9,Part Three,JERSEY ST,42.34412622,-71.09760878,"(42.34412622, -71.09760878)"
I182066237,616,Larceny,LARCENY THEFT OF BICYCLE,A1, ,,8/18/18 17:30,2018,8,Saturday,17,Part One,CROSS ST,,,"(0.00000000, 0.00000000)"
I182066235,614,Larceny From Motor Vehicle,LARCENY THEFT FROM MV - NON-ACCESSORY,C11,367,,8/19/18 10:52,2018,8,Sunday,10,Part One,TRAIN ST,42.29532845,-71.05522499,"(42.29532845, -71.05522499)"
I182066234,3008,Medical Assistance,SUICIDE / SUICIDE ATTEMPT,B3,409,,8/19/18 09:56,2018,8,Sunday,9,Part Three,CEDAR ST,42.27237694,-71.07524224,"(42.27237694, -71.07524224)"
I182066233,1402,Vandalism,VANDALISM,C6,189,,8/18/18 17:48,2018,8,Saturday,17,Part Two,DORCHESTER AVE,42.32481502,-71.05685147,"(42.32481502, -71.05685147)"
I182066232,614,Larceny From Motor Vehicle,LARCENY THEFT FROM MV - NON-ACCESSORY,A15,40,,8/17/18 16:00,2018,8,Friday,16,Part One,COMMON ST,42.37409295,-71.06055026,"(42.37409295, -71.06055026)"
I182066231,3202,Property Found,PROPERTY - LOST THEN LOCATED,D14,789,,8/18/18 11:30,2018,8,Saturday,11,Part Three,CHISWICK RD,42.33861137,-71.15048997,"(42.33861137, -71.15048997)"
I182066231,3114,Investigate Property,INVESTIGATE PROPERTY,D14,789,,8/18/18 11:30,2018,8,Saturday,11,Part Three,CHISWICK RD,42.33861137,-71.15048997,"(42.33861137, -71.15048997)"
I182066230,3114,Investigate Property,INVESTIGATE PROPERTY,E13,634,,8/19/18 10:27,2018,8,Sunday,10,Part Three,CENTRE ST,42.3212743,-71.11030469,"(42.32127430, -71.11030469)"
I182066228,615,Larceny From Motor Vehicle,LARCENY THEFT OF MV PARTS & ACCESSORIES,C11,351,,8/19/18 10:15,2018,8,Sunday,10,Part One,ADAMS ST,42.29963709,-71.05851176,"(42.29963709, -71.05851176)"
I182066227,616,Larceny,LARCENY THEFT OF BICYCLE,D4,624,,8/19/18 07:50,2018,8,Sunday,7,Part One,BOYLSTON ST,42.34489594,-71.09659186,"(42.34489594, -71.09659186)"
I182066226,3501,Missing Person Reported,MISSING PERSON,E13,508,,8/19/18 08:10,2018,8,Sunday,8,Part Three,SOUTHBOURNE RD,42.28981486,-71.11767828,"(42.28981486, -71.11767828)"
I182066226,3502,Missing Person Located,MISSING PERSON - LOCATED,E13,508,,8/19/18 08:10,2018,8,Sunday,8,Part Three,SOUTHBOURNE RD,42.28981486,-71.11767828,"(42.28981486, -71.11767828)"
I182066225,802,Simple Assault,ASSAULT SIMPLE - BATTERY,A1,111,,8/19/18 08:50,2018,8,Sunday,8,Part Two,TREMONT ST,42.35594239,-71.06258333,"(42.35594239, -71.06258333)"
I182066224,3006,Medical Assistance,SICK/INJURED/MEDICAL - PERSON,C6,914,,8/19/18 08:43,2018,8,Sunday,8,Part Three,HENRY STERLING SQ,42.32648547,-71.05487817,"(42.32648547, -71.05487817)"
I182066223,1402,Vandalism,VANDALISM,C11,354,,8/18/18 16:00,2018,8,Saturday,16,Part Two,ADAMS ST,42.29807739,-71.05695195,"(42.29807739, -71.05695195)"
I182066223,614,Larceny From Motor Vehicle,LARCENY THEFT FROM MV - NON-ACCESSORY,C11,354,,8/18/18 16:00,2018,8,Saturday,16,Part One,ADAMS ST,42.29807739,-71.05695195,"(42.29807739, -71.05695195)"
I182066222,1402,Vandalism,VANDALISM,C11,354,,8/18/18 17:00,2018,8,Saturday,17,Part Two,ADAMS ST,42.29807739,-71.05695195,"(42.29807739, -71.05695195)"
I182066221,614,Larceny From Motor Vehicle,LARCENY THEFT FROM MV - NON-ACCESSORY,C11,354,,8/18/18 18:00,2018,8,Saturday,18,Part One,ADAMS ST,42.29807739,-71.05695195,"(42.29807739, -71.05695195)"
I182066221,1402,Vandalism,VANDALISM,C11,354,,8/18/18 18:00,2018,8,Saturday,18,Part Two,ADAMS ST,42.29807739,-71.05695195,"(42.29807739, -71.05695195)"
I182066220,1402,Vandalism,VANDALISM,C11,354,,8/18/18 21:00,2018,8,Saturday,21,Part Two,ADAMS ST,42.29807739,-71.05695195,"(42.29807739, -71.05695195)"
I182066219,706,Auto Theft,AUTO THEFT - MOTORCYCLE / SCOOTER,D4,626,,8/17/18 19:00,2018,8,Friday,19,Part One,QUEENSBERRY ST,42.3420038,-71.10011169,"(42.34200380, -71.10011169)"
I182066218,3301,Verbal Disputes,VERBAL DISPUTE,B3,439,,8/19/18 08:45,2018,8,Sunday,8,Part Three,FLOYD ST,42.28834693,-71.0860772,"(42.28834693, -71.08607720)"
I182066217,3805,Motor Vehicle Accident Response,M/V ACCIDENT - POLICE VEHICLE,E18,503,,8/19/18 08:46,2018,8,Sunday,8,Part Three,AMERICAN LEGION HWY,42.28591196,-71.10956984,"(42.28591196, -71.10956984)"
I182066216,614,Larceny From Motor Vehicle,LARCENY THEFT FROM MV - NON-ACCESSORY,B3,475,,8/18/18 20:00,2018,8,Saturday,20,Part One,CUMMINS HWY,42.27043477,-71.10005783,"(42.27043477, -71.10005783)"
I182066215,3112,Landlord/Tenant Disputes,LANDLORD - TENANT SERVICE,B3,458,,8/19/18 08:40,2018,8,Sunday,8,Part Three,GLENWAY ST,42.30131086,-71.08443841,"(42.30131086, -71.08443841)"
I182066213,1402,Vandalism,VANDALISM,C11,354,,8/18/18 18:00,2018,8,Saturday,18,Part Two,ADAMS ST,42.29807739,-71.05695195,"(42.29807739, -71.05695195)"
I182066211,615,Larceny From Motor Vehicle,LARCENY THEFT OF MV PARTS & ACCESSORIES,A1,97,,8/18/18 14:00,2018,8,Saturday,14,Part One,WASHINGTON ST,42.35783831,-71.05795495,"(42.35783831, -71.05795495)"
I182066210,802,Simple Assault,ASSAULT SIMPLE - BATTERY,E18,480,,8/19/18 07:59,2018,8,Sunday,7,Part Two,BISMARCK ST,42.26983458,-71.10003437,"(42.26983458, -71.10003437)"
I182066209,3114,Investigate Property,INVESTIGATE PROPERTY,C6,201,,8/19/18 06:54,2018,8,Sunday,6,Part Three,B ST,42.34157734,-71.05300446,"(42.34157734, -71.05300446)"
I182066206,3006,Medical Assistance,SICK/INJURED/MEDICAL - PERSON,B3,420,,8/19/18 07:47,2018,8,Sunday,7,Part Three,DOONE AVE,42.27807456,-71.08254983,"(42.27807456, -71.08254983)"
I182066204,3301,Verbal Disputes,VERBAL DISPUTE,B3,409,,8/19/18 06:45,2018,8,Sunday,6,Part Three,GROVELAND ST,42.2727729,-71.07725241,"(42.27277290, -71.07725241)"
I182066203,802,Simple Assault,ASSAULT SIMPLE - BATTERY,D4,273,,8/19/18 04:48,2018,8,Sunday,4,Part Two,NORTHAMPTON ST,42.33665048,-71.07841035,"(42.33665048, -71.07841035)"
I182066201,613,Larceny,LARCENY SHOPLIFTING,C11,370,,8/19/18 03:39,2018,8,Sunday,3,Part One,WILLIAM T MORRISSEY BLVD,42.29767279,-71.04941018,"(42.29767279, -71.04941018)"
I182066200,3802,Motor Vehicle Accident Response,M/V ACCIDENT - PROPERTY  DAMAGE,C11,254,,8/19/18 05:51,2018,8,Sunday,5,Part Three,SAVIN HILL AVE,42.3123159,-71.0549829,"(42.31231590, -71.05498290)"
I182066199,3115,Investigate Person,INVESTIGATE PERSON,B2,292,,8/19/18 05:35,2018,8,Sunday,5,Part Three,KENILWORTH ST,42.32874077,-71.08771559,"(42.32874077, -71.08771559)"
I182066198,3115,Investigate Person,INVESTIGATE PERSON,B2,305,,8/19/18 05:18,2018,8,Sunday,5,Part Three,KENSINGTON ST,42.3206268,-71.09108856,"(42.32062680, -71.09108856)"
I182066194,2632,Evading Fare,EVADING FARE,E18,520,,8/19/18 05:12,2018,8,Sunday,5,Part Two,HYDE PARK AVE,42.25621592,-71.12401947,"(42.25621592, -71.12401947)"
I182066193,3007,Medical Assistance,SUDDEN DEATH,D4,131,,8/19/18 02:14,2018,8,Sunday,2,Part Three,BEACON ST,42.35451931,-71.07588082,"(42.35451931, -71.07588082)"
I182066191,900,Arson,ARSON,A15,900,,8/19/18 04:15,2018,8,Sunday,4,Other,TUFTS ST,42.37877257,-71.05677893,"(42.37877257, -71.05677893)"
I182066190,1300,Recovered Stolen Property,STOLEN PROPERTY - BUYING / RECEIVING / POSSESSING,C6,233,,8/18/18 12:00,2018,8,Saturday,12,Part Two,E EIGHTH ST,42.33139575,-71.03983187,"(42.33139575, -71.03983187)"
I182065096,3115,Investigate Person,INVESTIGATE PERSON,D4,905,,8/15/18 07:00,2018,8,Wednesday,7,Part Three,HARRISON AVE,42.33893529,-71.07016502,"(42.33893529, -71.07016502)"
I172082006,1830,Drug Violation,DRUGS - SICK ASSIST - HEROIN,A7,26,,10/1/17 22:47,2017,10,Sunday,22,Part Two,BORDER ST,42.37382755,-71.04052459,"(42.37382755, -71.04052459)"
I172082005,413,Aggravated Assault,ASSAULT - AGGRAVATED - BATTERY,C11,335,,10/1/17 23:19,2017,10,Sunday,23,Part One,COLEMAN ST,42.30776342,-71.06683062,"(42.30776342, -71.06683062)"
I172082005,423,Aggravated Assault,ASSAULT - AGGRAVATED,C11,335,,10/1/17 23:19,2017,10,Sunday,23,Part One,COLEMAN ST,42.30776342,-71.06683062,"(42.30776342, -71.06683062)"
I172081794,301,Robbery,ROBBERY - STREET,A1,117,,10/1/17 07:52,2017,10,Sunday,7,Part One,BOYLSTON ST,42.3523119,-71.0637051,"(42.35231190, -71.06370510)"
I172081793,3007,Medical Assistance,SUDDEN DEATH,B2,901,,10/1/17 04:35,2017,10,Sunday,4,Part Three,SAINT ALPHONSUS ST,42.3351998,-71.0998949,"(42.33519980, -71.09989490)"
I172081792,3114,Investigate Property,INVESTIGATE PROPERTY,A1,120,,10/1/17 08:22,2017,10,Sunday,8,Part Three,ARLINGTON ST,42.35061995,-71.07009458,"(42.35061995, -71.07009458)"
I172081790,3114,Investigate Property,INVESTIGATE PROPERTY,A1,92,,10/1/17 08:04,2017,10,Sunday,8,Part Three,CITY HALL PLZ,42.35972137,-71.0585236,"(42.35972137, -71.05852360)"
I172081789,3115,Investigate Person,INVESTIGATE PERSON,C11,249,,9/29/17 08:00,2017,9,Friday,8,Part Three,TUTTLE ST,42.31351886,-71.053563,"(42.31351886, -71.05356300)"
I172081788,3503,Missing Person Located,MISSING PERSON - NOT REPORTED - LOCATED,B2,299,,10/1/17 07:10,2017,10,Sunday,7,Part Three,FENWICK PL,42.32416015,-71.08732873,"(42.32416015, -71.08732873)"
I172081787,3207,Property Found,PROPERTY - FOUND,C11,384,,10/1/17 06:30,2017,10,Sunday,6,Part Three,GALLIVAN BLVD,42.28349369,-71.04831304,"(42.28349369, -71.04831304)"
I172081786,1402,Vandalism,VANDALISM,E18,485,,10/1/17 06:36,2017,10,Sunday,6,Part Two,RECTOR RD,42.26618911,-71.10059268,"(42.26618911, -71.10059268)"
I172081785,613,Larceny,LARCENY SHOPLIFTING,D4,134,,10/1/17 06:23,2017,10,Sunday,6,Part One,BOYLSTON ST,42.3503787,-71.07626098,"(42.35037870, -71.07626098)"
I172081784,802,Simple Assault,ASSAULT SIMPLE - BATTERY,C11,388,,10/1/17 03:44,2017,10,Sunday,3,Part Two,DORCHESTER AVE,42.2783992,-71.06636305,"(42.27839920, -71.06636305)"
I172081783,3108,Fire Related Reports,"FIRE REPORT - HOUSE, BUILDING, ETC.",D14,792,,10/1/17 05:59,2017,10,Sunday,5,Part Three,COREY RD,42.34589104,-71.13602432,"(42.34589104, -71.13602432)"
I172081781,3114,Investigate Property,INVESTIGATE PROPERTY,E13,510,,10/1/17 05:29,2017,10,Sunday,5,Part Three,ARBORWAY,42.30132884,-71.10963274,"(42.30132884, -71.10963274)"
I172081779,3115,Investigate Person,INVESTIGATE PERSON,B2,604,,10/1/17 04:02,2017,10,Sunday,4,Part Three,DARLING ST,42.33111906,-71.10605146,"(42.33111906, -71.10605146)"
I172081779,3125,Warrant Arrests,WARRANT ARREST,B2,604,,10/1/17 04:02,2017,10,Sunday,4,Part Three,DARLING ST,42.33111906,-71.10605146,"(42.33111906, -71.10605146)"
I172081778,1844,Drug Violation,DRUGS - POSS CLASS C,C11,247,,10/1/17 05:07,2017,10,Sunday,5,Part Two,DORCHESTER AVE,42.31322413,-71.05715277,"(42.31322413, -71.05715277)"
I172081778,3125,Warrant Arrests,WARRANT ARREST,C11,247,,10/1/17 05:07,2017,10,Sunday,5,Part Three,DORCHESTER AVE,42.31322413,-71.05715277,"(42.31322413, -71.05715277)"
I172081775,3802,Motor Vehicle Accident Response,M/V ACCIDENT - PROPERTY  DAMAGE,C11,241,,10/1/17 03:50,2017,10,Sunday,3,Part Three,SUMNER ST,42.31619849,-71.06264212,"(42.31619849, -71.06264212)"
I172081774,802,Simple Assault,ASSAULT SIMPLE - BATTERY,C11, ,,10/1/17 04:10,2017,10,Sunday,4,Part Two,BOWDOIN ST,,,"(0.00000000, 0.00000000)"
I172081773,2632,Evading Fare,EVADING FARE,C6,200,,10/1/17 03:58,2017,10,Sunday,3,Part Two,W BROADWAY,42.34128751,-71.05467933,"(42.34128751, -71.05467933)"
I172081772,3006,Medical Assistance,SICK/INJURED/MEDICAL - PERSON,B2,282,,10/1/17 02:03,2017,10,Sunday,2,Part Three,WARREN ST,42.32823419,-71.08328981,"(42.32823419, -71.08328981)"
I172081771,2629,Harassment,HARASSMENT,E5,822,,10/1/17 03:24,2017,10,Sunday,3,Part Two,RIDGECREST TER,42.2628035,-71.15407725,"(42.26280350, -71.15407725)"
I172081771,3109,Police Service Incidents,SERVICE TO OTHER PD INSIDE OF MA.,E5,822,,10/1/17 03:24,2017,10,Sunday,3,Part Three,RIDGECREST TER,42.2628035,-71.15407725,"(42.26280350, -71.15407725)"
I172081770,3114,Investigate Property,INVESTIGATE PROPERTY,C11,242,,10/1/17 03:33,2017,10,Sunday,3,Part Three,SUMNER ST,42.31653833,-71.06249662,"(42.31653833, -71.06249662)"
I172081767,301,Robbery,ROBBERY - STREET,A1,112,,10/1/17 03:16,2017,10,Sunday,3,Part One,WASHINGTON ST,42.35512339,-71.0608798,"(42.35512339, -71.06087980)"
I172081766,3115,Investigate Person,INVESTIGATE PERSON,C6,178,,10/1/17 03:26,2017,10,Sunday,3,Part Three,MASSACHUSETTS AVE,42.32856401,-71.06835343,"(42.32856401, -71.06835343)"
I172081765,3114,Investigate Property,INVESTIGATE PROPERTY,B2,268,,10/1/17 03:37,2017,10,Sunday,3,Part Three,DUDLEY ST,42.32832264,-71.07861091,"(42.32832264, -71.07861091)"
I172081764,2662,Ballistics,BALLISTICS EVIDENCE/FOUND,C6,936,,10/1/17 02:53,2017,10,Sunday,2,Part Two,COSTELLO CIR,42.33971096,-71.05321163,"(42.33971096, -71.05321163)"
I172081763,2647,Other,THREATS TO DO BODILY HARM,E18,542,,10/1/17 03:06,2017,10,Sunday,3,Part Two,BUSINESS ST,42.2519746,-71.128736,"(42.25197460, -71.12873600)"
I172081762,3119,Firearm Discovery,FIREARM/WEAPON - FOUND OR CONFISCATED,C6,936,,10/1/17 03:26,2017,10,Sunday,3,Part Three,DALESSIO CT,42.3379028,-71.05611348,"(42.33790280, -71.05611348)"
I172081761,802,Simple Assault,ASSAULT SIMPLE - BATTERY,D4,128,,10/1/17 02:29,2017,10,Sunday,2,Part Two,COLUMBUS AVE,42.3483427,-71.0722253,"(42.34834270, -71.07222530)"
I172081760,542,Commercial Burglary,BURGLARY - COMMERICAL - NO FORCE,D4,133,,10/1/17 03:02,2017,10,Sunday,3,Part One,NEWBURY ST,42.35118005,-71.07666607,"(42.35118005, -71.07666607)"
I172081760,3125,Warrant Arrests,WARRANT ARREST,D4,133,,10/1/17 03:02,2017,10,Sunday,3,Part Three,NEWBURY ST,42.35118005,-71.07666607,"(42.35118005, -71.07666607)"
I172081759,614,Larceny From Motor Vehicle,LARCENY THEFT FROM MV - NON-ACCESSORY,B2,314,,9/30/17 22:30,2017,9,Saturday,22,Part One,WAUMBECK ST,42.31496145,-71.0895221,"(42.31496145, -71.08952210)"
I172081759,615,Larceny From Motor Vehicle,LARCENY THEFT OF MV PARTS & ACCESSORIES,B2,314,,9/30/17 22:30,2017,9,Saturday,22,Part One,WAUMBECK ST,42.31496145,-71.0895221,"(42.31496145, -71.08952210)"
I172081758,3301,Verbal Disputes,VERBAL DISPUTE,B2,331,,10/1/17 02:21,2017,10,Sunday,2,Part Three,COLUMBIA RD,42.3116312,-71.06974316,"(42.31163120, -71.06974316)"
I172081756,3115,Investigate Person,INVESTIGATE PERSON,C6,200,,10/1/17 02:56,2017,10,Sunday,2,Part Three,W BROADWAY,42.34128751,-71.05467933,"(42.34128751, -71.05467933)"
I172081755,3831,Motor Vehicle Accident Response,M/V - LEAVING SCENE - PROPERTY DAMAGE,D4,162,,10/1/17 02:35,2017,10,Sunday,2,Part Three,ALBANY ST,42.34491581,-71.06169938,"(42.34491581, -71.06169938)"
I172081754,802,Simple Assault,ASSAULT SIMPLE - BATTERY,C11,336,,10/1/17 01:59,2017,10,Sunday,1,Part Two,GIBSON ST,42.29755533,-71.0597091,"(42.29755533, -71.05970910)"
I172081754,2405,Disorderly Conduct,DISORDERLY CONDUCT,C11,336,,10/1/17 01:59,2017,10,Sunday,1,Part Two,GIBSON ST,42.29755533,-71.0597091,"(42.29755533, -71.05970910)"
I172081754,2610,Other,TRESPASSING,C11,336,,10/1/17 01:59,2017,10,Sunday,1,Part Two,GIBSON ST,42.29755533,-71.0597091,"(42.29755533, -71.05970910)"
I172081753,1402,Vandalism,VANDALISM,C6,914,,10/1/17 01:33,2017,10,Sunday,1,Part Two,MONSIGNOR DENNIS F O'CALL,42.32752693,-71.05541255,"(42.32752693, -71.05541255)"
I172081752,3301,Verbal Disputes,VERBAL DISPUTE,B2,901,,9/30/17 22:00,2017,9,Saturday,22,Part Three,MCGREEVEY WAY,42.33528037,-71.0987126,"(42.33528037, -71.09871260)"
I172081751,3115,Investigate Person,INVESTIGATE PERSON,C11,436,,10/1/17 02:13,2017,10,Sunday,2,Part Three,WASHINGTON ST,42.28782963,-71.07119282,"(42.28782963, -71.07119282)"
I172081750,3501,Missing Person Reported,MISSING PERSON,B2,329,,10/1/17 00:35,2017,10,Sunday,0,Part Three,STANWOOD ST,42.30870132,-71.07932755,"(42.30870132, -71.07932755)"
I172081750,3502,Missing Person Located,MISSING PERSON - LOCATED,B2,329,,10/1/17 00:35,2017,10,Sunday,0,Part Three,STANWOOD ST,42.30870132,-71.07932755,"(42.30870132, -71.07932755)"
I172081749,3801,Motor Vehicle Accident Response,M/V ACCIDENT - OTHER,A1,95,,10/1/17 01:19,2017,10,Sunday,1,Part Three,E INDIA ROW,42.35794791,-71.05082219,"(42.35794791, -71.05082219)"
I172081748,802,Simple Assault,ASSAULT SIMPLE - BATTERY,C6,214,,10/1/17 00:45,2017,10,Sunday,0,Part Two,W BROADWAY,42.336112,-71.04665434,"(42.33611200, -71.04665434)"
I172081747,2405,Disorderly Conduct,DISORDERLY CONDUCT,A1,101,,10/1/17 01:27,2017,10,Sunday,1,Part Two,MILK ST,42.35822966,-71.05362239,"(42.35822966, -71.05362239)"
I172081745,619,Larceny,LARCENY ALL OTHERS,D4,153,,10/1/17 01:32,2017,10,Sunday,1,Part One,TREMONT ST,42.34218704,-71.07494905,"(42.34218704, -71.07494905)"
I172081745,801,Simple Assault,ASSAULT - SIMPLE,D4,153,,10/1/17 01:32,2017,10,Sunday,1,Part Two,TREMONT ST,42.34218704,-71.07494905,"(42.34218704, -71.07494905)"
I172081743,3114,Investigate Property,INVESTIGATE PROPERTY,B2,603,,10/1/17 01:35,2017,10,Sunday,1,Part Three,TORPIE ST,42.33327118,-71.10277784,"(42.33327118, -71.10277784)"
I172081742,3301,Verbal Disputes,VERBAL DISPUTE,C6,915,,10/1/17 00:42,2017,10,Sunday,0,Part Three,E NINTH ST,42.33146325,-71.0501256,"(42.33146325, -71.05012560)"
I172081741,3006,Medical Assistance,SICK/INJURED/MEDICAL - PERSON,C11,245,,10/1/17 01:15,2017,10,Sunday,1,Part Three,SYDNEY ST,42.31655789,-71.05259815,"(42.31655789, -71.05259815)"
I172081739,617,Larceny,LARCENY THEFT FROM BUILDING,D4,284,,10/1/17 01:03,2017,10,Sunday,1,Part One,MASSACHUSETTS AVE,42.34107005,-71.08255287,"(42.34107005, -71.08255287)"
I172081738,617,Larceny,LARCENY THEFT FROM BUILDING,D4,284,,10/1/17 01:03,2017,10,Sunday,1,Part One,MASSACHUSETTS AVE,42.34107005,-71.08255287,"(42.34107005, -71.08255287)"
I172081737,3304,Assembly or Gathering Violations,NOISY PARTY/RADIO-NO ARREST,B2,586,,9/30/17 22:48,2017,9,Saturday,22,Part Three,CHEROKEE ST,42.33047722,-71.10072736,"(42.33047722, -71.10072736)"
I172081736,3111,License Violation,LICENSE PREMISE VIOLATION,A7,22,,10/1/17 01:04,2017,10,Sunday,1,Part Three,BENNINGTON ST,42.37546983,-71.03730221,"(42.37546983, -71.03730221)"
I172081735,802,Simple Assault,ASSAULT SIMPLE - BATTERY,E13,302,,10/1/17 01:23,2017,10,Sunday,1,Part Two,CENTRE ST,42.32270922,-71.09932317,"(42.32270922, -71.09932317)"
I172081733,520,Residential Burglary,BURGLARY - RESIDENTIAL - FORCE,E13,608,,10/1/17 00:02,2017,10,Sunday,0,Part One,JAMAICAWAY,42.32395496,-71.11485953,"(42.32395496, -71.11485953)"
I172081732,3304,Assembly or Gathering Violations,NOISY PARTY/RADIO-NO ARREST,B2,586,,10/1/17 00:43,2017,10,Sunday,0,Part Three,CALUMET ST,42.32902859,-71.1009306,"(42.32902859, -71.10093060)"
I172081731,3801,Motor Vehicle Accident Response,M/V ACCIDENT - OTHER,C6,231,,10/1/17 00:36,2017,10,Sunday,0,Part Three,M ST,42.33275028,-71.03326242,"(42.33275028, -71.03326242)"
I172081730,3006,Medical Assistance,SICK/INJURED/MEDICAL - PERSON,E13,906,,10/1/17 00:44,2017,10,Sunday,0,Part Three,PLANT CT,42.3248775,-71.10316435,"(42.32487750, -71.10316435)"
I172080724,3301,Verbal Disputes,VERBAL DISPUTE,B3,943,,9/27/17 15:52,2017,9,Wednesday,15,Part Three,WOODBOLE AVE,42.27808246,-71.08109371,"(42.27808246, -71.08109371)"
I172080722,2906,Violations,VAL - OPERATING UNREG/UNINS  CAR,B2,282,,9/27/17 16:50,2017,9,Wednesday,16,Part Two,WARREN ST,42.32832226,-71.08321495,"(42.32832226, -71.08321495)"
I172080721,1849,Drug Violation,"DRUGS - POSS CLASS B - COCAINE, ETC.",A1,111,,9/27/17 16:55,2017,9,Wednesday,16,Part Two,TREMONT ST,42.35428377,-71.06380404,"(42.35428377, -71.06380404)"
I172080718,706,Auto Theft,AUTO THEFT - MOTORCYCLE / SCOOTER,B2,287,,9/27/17 16:07,2017,9,Wednesday,16,Part One,ESTABROOK RD,42.3320454,-71.08478299,"(42.33204540, -71.08478299)"
I172080717,2647,Other,THREATS TO DO BODILY HARM,C11,335,,9/27/17 16:37,2017,9,Wednesday,16,Part Two,BOWDOIN ST,42.3078312,-71.06529544,"(42.30783120, -71.06529544)"
I172080716,2629,Harassment,HARASSMENT,D4,155,,9/23/17 11:04,2017,9,Saturday,11,Part Two,W SPRINGFIELD ST,42.34041441,-71.08031699,"(42.34041441, -71.08031699)"
I172080715,3801,Motor Vehicle Accident Response,M/V ACCIDENT - OTHER,A7,15,,9/27/17 16:19,2017,9,Wednesday,16,Part Three,NEPTUNE RD,42.38011937,-71.0256126,"(42.38011937, -71.02561260)"
I172080714,1402,Vandalism,VANDALISM,B2,308,,9/27/17 15:47,2017,9,Wednesday,15,Part Two,HAROLD ST,42.31845986,-71.08932896,"(42.31845986, -71.08932896)"
I172080713,3803,Motor Vehicle Accident Response,M/V ACCIDENT - PERSONAL INJURY,A1,120,,9/27/17 16:21,2017,9,Wednesday,16,Part Three,BOYLSTON ST,42.352366,-71.06833609,"(42.35236600, -71.06833609)"
I162000074,802,Simple Assault,ASSAULT SIMPLE - BATTERY,B3,427,,1/1/16 02:45,2016,1,Friday,2,Part Two,NORFOLK ST,42.2766839,-71.09240248,"(42.27668390, -71.09240248)"
I162000074,2610,Other,TRESPASSING,B3,427,,1/1/16 02:45,2016,1,Friday,2,Part Two,NORFOLK ST,42.2766839,-71.09240248,"(42.27668390, -71.09240248)"
I162000073,3115,Investigate Person,INVESTIGATE PERSON,C11,358,,1/1/16 03:44,2016,1,Friday,3,Part Three,KENBERMA RD,42.29589653,-71.07216716,"(42.29589653, -71.07216716)"
I162000072,301,Robbery,ROBBERY - STREET,C6,936,,1/1/16 03:41,2016,1,Friday,3,Part One,DALESSIO CT,42.33913252,-71.05465387,"(42.33913252, -71.05465387)"
I162000072,802,Simple Assault,ASSAULT SIMPLE - BATTERY,C6,936,,1/1/16 03:41,2016,1,Friday,3,Part Two,DALESSIO CT,42.33913252,-71.05465387,"(42.33913252, -71.05465387)"
I162000071,2900,Other,VAL - VIOLATION OF AUTO LAW - OTHER,C6,189,,1/1/16 03:11,2016,1,Friday,3,Part Two,DORCHESTER AVE,42.32206077,-71.05680459,"(42.32206077, -71.05680459)"
I162000070,3831,Motor Vehicle Accident Response,M/V - LEAVING SCENE - PROPERTY DAMAGE,A15,58,,1/1/16 02:48,2016,1,Friday,2,Part Three,DUNSTABLE ST,42.376852,-71.06887255,"(42.37685200, -71.06887255)"
I162000069,3006,Medical Assistance,SICK/INJURED/MEDICAL - PERSON,D4,143,,1/1/16 02:39,2016,1,Friday,2,Part Three,DALTON ST,42.3457782,-71.08429595,"(42.34577820, -71.08429595)"
I162000068,2401,Disorderly Conduct,AFFRAY,B3,426,,1/1/16 03:34,2016,1,Friday,3,Part Two,RIVER ST,42.268024,-71.09301057,"(42.26802400, -71.09301057)"
I162000067,3006,Medical Assistance,SICK/INJURED/MEDICAL - PERSON,A7,10,,1/1/16 00:43,2016,1,Friday,0,Part Three,LEYDEN ST,42.38969786,-71.00957095,"(42.38969786, -71.00957095)"
I162000066,3006,Medical Assistance,SICK/INJURED/MEDICAL - PERSON,D4,138,,1/1/16 03:06,2016,1,Friday,3,Part Three,BOYLSTON ST,42.34980175,-71.07840978,"(42.34980175, -71.07840978)"
I162000065,3111,License Violation,LICENSE PREMISE VIOLATION,A1,75,,12/31/15 23:54,2015,12,Thursday,23,Part Three,FRIEND ST,42.36439256,-71.06093185,"(42.36439256, -71.06093185)"
I162000061,3820,Motor Vehicle Accident Response,M/V ACCIDENT INVOLVING PEDESTRIAN - INJURY,D14,820,,1/1/16 02:50,2016,1,Friday,2,Part Three,CAMBRIDGE ST,42.35602999,-71.13132737,"(42.35602999, -71.13132737)"
I162000060,3207,Property Found,PROPERTY - FOUND,D4,142,,1/1/16 03:18,2016,1,Friday,3,Part Three,BOYLSTON ST,42.34795366,-71.08526786,"(42.34795366, -71.08526786)"
I162000059,801,Simple Assault,ASSAULT - SIMPLE,A1,125,,1/1/16 03:13,2016,1,Friday,3,Part Two,ARLINGTON ST,42.34990221,-71.06981556,"(42.34990221, -71.06981556)"
I162000059,802,Simple Assault,ASSAULT SIMPLE - BATTERY,A1,125,,1/1/16 03:13,2016,1,Friday,3,Part Two,ARLINGTON ST,42.34990221,-71.06981556,"(42.34990221, -71.06981556)"
I162000058,3114,Investigate Property,INVESTIGATE PROPERTY,B2,286,,1/1/16 02:59,2016,1,Friday,2,Part Three,RUGGLES ST,42.3337596,-71.08684747,"(42.33375960, -71.08684747)"
I162000057,522,Residential Burglary,BURGLARY - RESIDENTIAL - NO FORCE,D14,758,,1/1/16 02:20,2016,1,Friday,2,Part One,BRACKETT ST,42.35110337,-71.16524536,"(42.35110337, -71.16524536)"
I162000054,3802,Motor Vehicle Accident Response,M/V ACCIDENT - PROPERTY  DAMAGE,C11,918,,1/1/16 02:33,2016,1,Friday,2,Part Three,SUMNER ST,42.31777605,-71.0619754,"(42.31777605, -71.06197540)"
I162000053,3111,License Violation,LICENSE PREMISE VIOLATION,A7,27,,1/1/16 02:23,2016,1,Friday,2,Part Three,MAVERICK ST,42.37029336,-71.03925861,"(42.37029336, -71.03925861)"
I162000052,3802,Motor Vehicle Accident Response,M/V ACCIDENT - PROPERTY  DAMAGE,D4,167,,1/1/16 02:33,2016,1,Friday,2,Part Three,HARRISON AVE,42.33954199,-71.06940877,"(42.33954199, -71.06940877)"
I162000051,3007,Medical Assistance,SUDDEN DEATH,A1,94,,1/1/16 01:51,2016,1,Friday,1,Part Three,FANEUIL HALL MARKETPLACE,42.3603996,-71.05482846,"(42.36039960, -71.05482846)"
I162000050,3018,Medical Assistance,SICK/INJURED/MEDICAL - POLICE,A1,92,,1/1/16 02:51,2016,1,Friday,2,Part Three,CITY HALL PLZ,42.35972137,-71.0585236,"(42.35972137, -71.05852360)"
I162000049,802,Simple Assault,ASSAULT SIMPLE - BATTERY,A1,92,,1/1/16 02:06,2016,1,Friday,2,Part Two,CITY HALL PLZ,42.35972137,-71.0585236,"(42.35972137, -71.05852360)"
I162000049,2610,Other,TRESPASSING,A1,92,,1/1/16 02:06,2016,1,Friday,2,Part Two,CITY HALL PLZ,42.35972137,-71.0585236,"(42.35972137, -71.05852360)"
I162000049,2405,Disorderly Conduct,DISORDERLY CONDUCT,A1,92,,1/1/16 02:06,2016,1,Friday,2,Part Two,CITY HALL PLZ,42.35972137,-71.0585236,"(42.35972137, -71.05852360)"
I162000048,3301,Verbal Disputes,VERBAL DISPUTE,C6,914,,1/1/16 00:52,2016,1,Friday,0,Part Three,OLD COLONY AVE,42.32557398,-71.0524813,"(42.32557398, -71.05248130)"
I162000045,2900,Other,VAL - VIOLATION OF AUTO LAW - OTHER,B3,468,,1/1/16 01:00,2016,1,Friday,1,Part Two,HAZLETON ST,42.27882467,-71.09405158,"(42.27882467, -71.09405158)"
I162000044,3006,Medical Assistance,SICK/INJURED/MEDICAL - PERSON,E13,655,,1/1/16 01:30,2016,1,Friday,1,Part Three,MOSS HILL RD,42.308157,-71.12462631,"(42.30815700, -71.12462631)"
I162000043,3111,License Violation,LICENSE PREMISE VIOLATION,A1,75,,1/1/16 00:35,2016,1,Friday,0,Part Three,PORTLAND ST,42.3642384,-71.06165515,"(42.36423840, -71.06165515)"
I162000042,3115,Investigate Person,INVESTIGATE PERSON,A7,26,,1/1/16 01:58,2016,1,Friday,1,Part Three,MERIDIAN ST,42.38167191,-71.03928397,"(42.38167191, -71.03928397)"
I162000040,3830,Motor Vehicle Accident Response,M/V - LEAVING SCENE - PERSONAL INJURY,C11,344,,1/1/16 00:59,2016,1,Friday,0,Part Three,CORONA ST,42.30097791,-71.07077333,"(42.30097791, -71.07077333)"
I162000039,3301,Verbal Disputes,VERBAL DISPUTE,B2,911,,1/1/16 01:39,2016,1,Friday,1,Part Three,ANNUNCIATION RD,42.33506218,-71.09316781,"(42.33506218, -71.09316781)"
I162000037,3018,Medical Assistance,SICK/INJURED/MEDICAL - POLICE,D4,160,,1/1/16 02:10,2016,1,Friday,2,Part Three,E BERKELEY ST,42.34449246,-71.06755907,"(42.34449246, -71.06755907)"
I162000036,3006,Medical Assistance,SICK/INJURED/MEDICAL - PERSON,A1,118,,1/1/16 01:54,2016,1,Friday,1,Part Three,BOYLSTON PL,42.35211138,-71.06597576,"(42.35211138, -71.06597576)"
I162000035,3115,Investigate Person,INVESTIGATE PERSON,C11,333,,1/1/16 01:37,2016,1,Friday,1,Part Three,BELLEVUE ST,42.30983229,-71.06817322,"(42.30983229, -71.06817322)"
I162000034,3802,Motor Vehicle Accident Response,M/V ACCIDENT - PROPERTY  DAMAGE,B3,463,,1/1/16 01:35,2016,1,Friday,1,Part Three,ANGELL ST,42.2953458,-71.08790188,"(42.29534580, -71.08790188)"
I162000034,3801,Motor Vehicle Accident Response,M/V ACCIDENT - OTHER,B3,463,,1/1/16 01:35,2016,1,Friday,1,Part Three,ANGELL ST,42.2953458,-71.08790188,"(42.29534580, -71.08790188)"
I162000033,3201,Property Lost,PROPERTY - LOST,A1,118,,1/1/16 01:37,2016,1,Friday,1,Part Three,BOYLSTON ST,42.35241815,-71.06525499,"(42.35241815, -71.06525499)"
I162000031,802,Simple Assault,ASSAULT SIMPLE - BATTERY,D14,800,,1/1/16 01:00,2016,1,Friday,1,Part Two,PRATT ST,42.35501072,-71.12887911,"(42.35501072, -71.12887911)"
I162000029,802,Simple Assault,ASSAULT SIMPLE - BATTERY,B2,901,,1/1/16 01:38,2016,1,Friday,1,Part Two,HORADAN WAY,42.33471058,-71.09938904,"(42.33471058, -71.09938904)"
I162000029,2403,Disorderly Conduct,DISTURBING THE PEACE,B2,901,,1/1/16 01:38,2016,1,Friday,1,Part Two,HORADAN WAY,42.33471058,-71.09938904,"(42.33471058, -71.09938904)"
I162000029,2610,Other,TRESPASSING,B2,901,,1/1/16 01:38,2016,1,Friday,1,Part Two,HORADAN WAY,42.33471058,-71.09938904,"(42.33471058, -71.09938904)"
I162000028,423,Aggravated Assault,ASSAULT - AGGRAVATED,B3,944,,1/1/16 01:10,2016,1,Friday,1,Part One,AMES WAY,42.28965805,-71.08634397,"(42.28965805, -71.08634397)"
I162000025,2101,Operating Under the Influence,OPERATING UNDER THE INFLUENCE ALCOHOL,D14,749,,1/1/16 00:52,2016,1,Friday,0,Part Two,COMMONWEALTH AVE,42.3390647,-71.15642795,"(42.33906470, -71.15642795)"
I162000024,522,Residential Burglary,BURGLARY - RESIDENTIAL - NO FORCE,D14,758,,1/1/16 01:06,2016,1,Friday,1,Part One,FANEUIL ST,42.3520434,-71.16491335,"(42.35204340, -71.16491335)"
I162000023,3115,Investigate Person,INVESTIGATE PERSON,D4,157,,1/1/16 00:49,2016,1,Friday,0,Part Three,SHAWMUT AVE,42.33983658,-71.07427557,"(42.33983658, -71.07427557)"
I162000021,3008,Medical Assistance,SUICIDE / SUICIDE ATTEMPT,E18,496,,1/1/16 00:54,2016,1,Friday,0,Part Three,HYDE PARK AVE,42.26922388,-71.12085347,"(42.26922388, -71.12085347)"
I162000020,802,Simple Assault,ASSAULT SIMPLE - BATTERY,A1,93,,1/1/16 00:46,2016,1,Friday,0,Part Two,FANEUIL HALL MARKETPLACE,42.35997967,-71.05474135,"(42.35997967, -71.05474135)"
I162000019,3111,License Violation,LICENSE PREMISE VIOLATION,A7,23,,1/1/16 01:20,2016,1,Friday,1,Part Three,BENNINGTON ST,42.37546983,-71.03730221,"(42.37546983, -71.03730221)"
I162000018,3805,Motor Vehicle Accident Response,M/V ACCIDENT - POLICE VEHICLE,D4,151,,1/1/16 01:02,2016,1,Friday,1,Part Three,BERKELEY ST,42.34646505,-71.07070436,"(42.34646505, -71.07070436)"
I162000017,2629,Harassment,HARASSMENT,D4,145,,1/1/16 00:37,2016,1,Friday,0,Part Two,HUNTINGTON AVE,42.34481182,-71.08234324,"(42.34481182, -71.08234324)"
I162000016,522,Residential Burglary,BURGLARY - RESIDENTIAL - NO FORCE,E13,641,,12/31/15 00:26,2015,12,Thursday,0,Part One,CENTRE ST,42.31495383,-71.11410163,"(42.31495383, -71.11410163)"
I162000015,900,Arson,ARSON,A7,12,,1/1/16 00:39,2016,1,Friday,0,Other,BRANDYWYNE DR,42.38783615,-71.01203798,"(42.38783615, -71.01203798)"
I162000014,522,Residential Burglary,BURGLARY - RESIDENTIAL - NO FORCE,B3,476,,12/31/15 18:20,2015,12,Thursday,18,Part One,REXFORD ST,42.26984836,-71.09532394,"(42.26984836, -71.09532394)"
I162000013,3006,Medical Assistance,SICK/INJURED/MEDICAL - PERSON,A1,111,,1/1/16 00:30,2016,1,Friday,0,Part Three,ESSEX ST,42.35237253,-71.06260897,"(42.35237253, -71.06260897)"
I162000012,801,Simple Assault,ASSAULT - SIMPLE,C6,186,,1/1/16 00:09,2016,1,Friday,0,Part Two,BOSTON ST,42.32692112,-71.05841861,"(42.32692112, -71.05841861)"
I162000011,2647,Other,THREATS TO DO BODILY HARM,D14,787,,12/31/15 23:34,2015,12,Thursday,23,Part Two,KILSYTH RD,42.34040563,-71.14548726,"(42.34040563, -71.14548726)"
I162000010,613,Larceny,LARCENY SHOPLIFTING,A1,103,,1/1/16 00:15,2016,1,Friday,0,Part One,SCHOOL ST,42.3575462,-71.05881953,"(42.35754620, -71.05881953)"
I162000010,2204,Liquor Violation,LIQUOR LAW VIOLATION,A1,103,,1/1/16 00:15,2016,1,Friday,0,Part Two,SCHOOL ST,42.3575462,-71.05881953,"(42.35754620, -71.05881953)"
I162000010,2610,Other,TRESPASSING,A1,103,,1/1/16 00:15,2016,1,Friday,0,Part Two,SCHOOL ST,42.3575462,-71.05881953,"(42.35754620, -71.05881953)"
I162000009,2403,Disorderly Conduct,DISTURBING THE PEACE,B2,318,,1/1/16 00:38,2016,1,Friday,0,Part Two,ELM HILL AVE,42.30901945,-71.0878912,"(42.30901945, -71.08789120)"
I162000008,3114,Investigate Property,INVESTIGATE PROPERTY,C11,346,,1/1/16 00:28,2016,1,Friday,0,Part Three,ADAMS ST,42.30497366,-71.06134412,"(42.30497366, -71.06134412)"
I162000007,2905,Violations,VAL - OPERATING WITHOUT LICENSE,B3,426,,12/31/15 23:25,2015,12,Thursday,23,Part Two,BLUE HILL AVE,42.26985916,-71.09346353,"(42.26985916, -71.09346353)"
I162000007,3803,Motor Vehicle Accident Response,M/V ACCIDENT - PERSONAL INJURY,B3,426,,12/31/15 23:25,2015,12,Thursday,23,Part Three,BLUE HILL AVE,42.26985916,-71.09346353,"(42.26985916, -71.09346353)"
I162000005,3115,Investigate Person,INVESTIGATE PERSON,B2,904,,1/1/16 00:14,2016,1,Friday,0,Part Three,SHABAZZ WAY,42.32977778,-71.08079561,"(42.32977778, -71.08079561)"
I162000004,522,Residential Burglary,BURGLARY - RESIDENTIAL - NO FORCE,D14,757,,12/31/15 20:00,2015,12,Thursday,20,Part One,WOODMONT ST,42.35681945,-71.1626016,"(42.35681945, -71.16260160)"
I162000003,802,Simple Assault,ASSAULT SIMPLE - BATTERY,A1,111,,12/31/15 23:26,2015,12,Thursday,23,Part Two,WEST ST,42.35459106,-71.0621901,"(42.35459106, -71.06219010)"
I162000002,3006,Medical Assistance,SICK/INJURED/MEDICAL - PERSON,B3,434,,12/31/15 22:23,2015,12,Thursday,22,Part Three,THETFORD AVE,42.28465991,-71.07839997,"(42.28465991, -71.07839997)"
I152107876,3114,Investigate Property,INVESTIGATE PROPERTY,C11,332,,12/31/15 23:26,2015,12,Thursday,23,Part Three,GLEN ST,42.31282319,-71.06746355,"(42.31282319, -71.06746355)"
I152107875,3802,Motor Vehicle Accident Response,M/V ACCIDENT - PROPERTY  DAMAGE,B3,468,,12/31/15 21:33,2015,12,Thursday,21,Part Three,ORMOND ST,42.27983743,-71.09361104,"(42.27983743, -71.09361104)"
I152107873,3801,Motor Vehicle Accident Response,M/V ACCIDENT - OTHER,B2, ,,12/31/15 22:35,2015,12,Thursday,22,Part Three,,,,"(0.00000000, 0.00000000)"
I152107871,2914,Violations,VAL - OPERATING W/O AUTHORIZATION LAWFUL,B3,457,,12/31/15 22:09,2015,12,Thursday,22,Part Two,BLUE HILL AVE,42.30127592,-71.08574118,"(42.30127592, -71.08574118)"
I152107871,3801,Motor Vehicle Accident Response,M/V ACCIDENT - OTHER,B3,457,,12/31/15 22:09,2015,12,Thursday,22,Part Three,BLUE HILL AVE,42.30127592,-71.08574118,"(42.30127592, -71.08574118)"
I152107870,3115,Investigate Person,INVESTIGATE PERSON,B3,448,,12/31/15 22:55,2015,12,Thursday,22,Part Three,MILLET ST,42.29368748,-71.07692422,"(42.29368748, -71.07692422)"
I152107869,3006,Medical Assistance,SICK/INJURED/MEDICAL - PERSON,B2,909,,12/31/15 22:36,2015,12,Thursday,22,Part Three,WHITTIER ST,42.33380238,-71.08880867,"(42.33380238, -71.08880867)"
I152107867,613,Larceny,LARCENY SHOPLIFTING,A1,103,,12/31/15 21:45,2015,12,Thursday,21,Part One,SCHOOL ST,42.3575462,-71.05881953,"(42.35754620, -71.05881953)"
I152107866,802,Simple Assault,ASSAULT SIMPLE - BATTERY,B2,262,,12/31/15 22:29,2015,12,Thursday,22,Part Two,WOODVILLE ST,42.32091419,-71.07546293,"(42.32091419, -71.07546293)"
I152107865,3109,Police Service Incidents,SERVICE TO OTHER PD INSIDE OF MA.,C11,460,,12/31/15 22:46,2015,12,Thursday,22,Part Three,COLUMBIA RD,42.30603099,-71.07821464,"(42.30603099, -71.07821464)"
I152107863,3410,Towed,TOWED MOTOR VEHICLE,C6,221,,12/31/15 22:18,2015,12,Thursday,22,Part Three,E THIRD ST,42.33634193,-71.04428881,"(42.33634193, -71.04428881)"
I152107862,1402,Vandalism,VANDALISM,A1,109,,12/31/15 22:14,2015,12,Thursday,22,Part Two,FRANKLIN ST,42.35633324,-71.05440282,"(42.35633324, -71.05440282)"
I152107861,3301,Verbal Disputes,VERBAL DISPUTE,A7,25,,12/31/15 22:30,2015,12,Thursday,22,Part Three,FALCON ST,42.38197028,-71.03475395,"(42.38197028, -71.03475395)"
I152107860,3001,Medical Assistance,DEATH INVESTIGATION,D14,780,,12/31/15 22:10,2015,12,Thursday,22,Part Three,GLENCOE ST,42.35519441,-71.14786584,"(42.35519441, -71.14786584)"
I152107859,3803,Motor Vehicle Accident Response,M/V ACCIDENT - PERSONAL INJURY,E13,509,,12/31/15 22:23,2015,12,Thursday,22,Part Three,HYDE PARK AVE,42.29697913,-71.11561599,"(42.29697913, -71.11561599)"
I152107858,3802,Motor Vehicle Accident Response,M/V ACCIDENT - PROPERTY  DAMAGE,C11,388,,12/31/15 22:24,2015,12,Thursday,22,Part Three,HUTCHINSON ST,42.27973965,-71.06451709,"(42.27973965, -71.06451709)"
I152107857,3111,License Violation,LICENSE PREMISE VIOLATION,D4,151,,12/31/15 22:47,2015,12,Thursday,22,Part Three,BERKELEY ST,42.3460551,-71.07050669,"(42.34605510, -71.07050669)"
I152107856,3301,Verbal Disputes,VERBAL DISPUTE,B3,439,,12/31/15 22:29,2015,12,Thursday,22,Part Three,BERNARD ST,42.29127678,-71.07920676,"(42.29127678, -71.07920676)"
I152107853,1402,Vandalism,VANDALISM,C11,242,,12/31/15 22:13,2015,12,Thursday,22,Part Two,SUMNER ST,42.31619849,-71.06264212,"(42.31619849, -71.06264212)"
I152107853,802,Simple Assault,ASSAULT SIMPLE - BATTERY,C11,242,,12/31/15 22:13,2015,12,Thursday,22,Part Two,SUMNER ST,42.31619849,-71.06264212,"(42.31619849, -71.06264212)"
I152107852,3006,Medical Assistance,SICK/INJURED/MEDICAL - PERSON,C11,345,,12/31/15 22:00,2015,12,Thursday,22,Part Three,DRAPER ST,42.30287064,-71.06399249,"(42.30287064, -71.06399249)"
I152107851,3111,License Violation,LICENSE PREMISE VIOLATION,D4,166,,12/31/15 22:29,2015,12,Thursday,22,Part Three,WASHINGTON ST,42.33982506,-71.07215896,"(42.33982506, -71.07215896)"
I152107850,3006,Medical Assistance,SICK/INJURED/MEDICAL - PERSON,D4,153,,12/31/15 22:06,2015,12,Thursday,22,Part Three,W BROOKLINE ST,42.34295449,-71.07628128,"(42.34295449, -71.07628128)"
I152107849,3006,Medical Assistance,SICK/INJURED/MEDICAL - PERSON,D4,92,,12/31/15 22:20,2015,12,Thursday,22,Part Three,COURT ST,,,"(0.00000000, 0.00000000)"
I152107847,619,Larceny,LARCENY ALL OTHERS,A15,50,,12/31/15 21:26,2015,12,Thursday,21,Part One,CAMBRIDGE ST,42.38222195,-71.08031197,"(42.38222195, -71.08031197)"
I152107847,1001,Counterfeiting,FORGERY / COUNTERFEITING,A15,50,,12/31/15 21:26,2015,12,Thursday,21,Part Two,CAMBRIDGE ST,42.38222195,-71.08031197,"(42.38222195, -71.08031197)"
I152107846,3301,Verbal Disputes,VERBAL DISPUTE,E13,307,,12/31/15 21:50,2015,12,Thursday,21,Part Three,WALDREN RD,42.31553312,-71.09519891,"(42.31553312, -71.09519891)"
I152107845,3831,Motor Vehicle Accident Response,M/V - LEAVING SCENE - PROPERTY DAMAGE,B2,320,,12/31/15 21:31,2015,12,Thursday,21,Part Three,CHENEY ST,42.30942246,-71.08530769,"(42.30942246, -71.08530769)"
I152107844,3111,License Violation,LICENSE PREMISE VIOLATION,A1,120,,12/31/15 22:00,2015,12,Thursday,22,Part Three,COLUMBUS AVE,42.35077122,-71.06914665,"(42.35077122, -71.06914665)"
I152107842,3115,Investigate Person,INVESTIGATE PERSON,C6,228,,12/31/15 20:56,2015,12,Thursday,20,Part Three,E FOURTH ST,42.33493927,-71.02503412,"(42.33493927, -71.02503412)"
I152107841,3410,Towed,TOWED MOTOR VEHICLE,C6,203,,12/31/15 21:11,2015,12,Thursday,21,Part Three,D ST,42.34589798,-71.04263627,"(42.34589798, -71.04263627)"
I152107839,614,Larceny From Motor Vehicle,LARCENY THEFT FROM MV - NON-ACCESSORY,A1,101,,12/31/15 19:30,2015,12,Thursday,19,Part One,STATE ST,42.35925113,-71.05415945,"(42.35925113, -71.05415945)"
I152107838,3207,Property Found,PROPERTY - FOUND,A1,97,,12/31/15 21:48,2015,12,Thursday,21,Part Three,SCHOOL ST,42.35742837,-71.05832551,"(42.35742837, -71.05832551)"
I152107836,3831,Motor Vehicle Accident Response,M/V - LEAVING SCENE - PROPERTY DAMAGE,D14,816,,12/31/15 21:28,2015,12,Thursday,21,Part Three,ARDEN ST,42.35892181,-71.12918866,"(42.35892181, -71.12918866)"
I152107835,802,Simple Assault,ASSAULT SIMPLE - BATTERY,B3,469,,12/31/15 20:57,2015,12,Thursday,20,Part Two,TENNIS RD,42.27615691,-71.09550303,"(42.27615691, -71.09550303)"
I152107834,413,Aggravated Assault,ASSAULT - AGGRAVATED - BATTERY,A1,117,,12/31/15 20:00,2015,12,Thursday,20,Part One,STUART ST,42.35103105,-71.06373331,"(42.35103105, -71.06373331)"
I152107833,614,Larceny From Motor Vehicle,LARCENY THEFT FROM MV - NON-ACCESSORY,E18,502,,12/31/15 18:30,2015,12,Thursday,18,Part One,NEPONSET AVE,42.28640447,-71.11826711,"(42.28640447, -71.11826711)"
I152107832,3301,Verbal Disputes,VERBAL DISPUTE,A7,28,,12/31/15 20:36,2015,12,Thursday,20,Part Three,PARIS ST,42.37248334,-71.03752375,"(42.37248334, -71.03752375)"
I152107830,3803,Motor Vehicle Accident Response,M/V ACCIDENT - PERSONAL INJURY,C11,373,,12/31/15 20:17,2015,12,Thursday,20,Part Three,ASHMONT ST,42.29007936,-71.04842736,"(42.29007936, -71.04842736)"
I152107829,3111,License Violation,LICENSE PREMISE VIOLATION,C6,206,,12/31/15 20:58,2015,12,Thursday,20,Part Three,SEAPORT BLVD,42.35146095,-71.04468232,"(42.35146095, -71.04468232)"
I152107828,617,Larceny,LARCENY THEFT FROM BUILDING,E18,540,,12/31/15 20:33,2015,12,Thursday,20,Part One,ELLIS ST,42.24950364,-71.13165831,"(42.24950364, -71.13165831)"
I152107826,3820,Motor Vehicle Accident Response,M/V ACCIDENT INVOLVING PEDESTRIAN - INJURY,B3,426,,12/31/15 20:21,2015,12,Thursday,20,Part Three,BLUE HILL AVE,42.26909851,-71.09361458,"(42.26909851, -71.09361458)"
I152107825,1849,Drug Violation,"DRUGS - POSS CLASS B - COCAINE, ETC.",A1,117,,12/31/15 20:18,2015,12,Thursday,20,Part Two,HARRISON AVE,42.35203089,-71.0612632,"(42.35203089, -71.06126320)"
I152107825,2610,Other,TRESPASSING,A1,117,,12/31/15 20:18,2015,12,Thursday,20,Part Two,HARRISON AVE,42.35203089,-71.0612632,"(42.35203089, -71.06126320)"
I152107825,3125,Warrant Arrests,WARRANT ARREST,A1,117,,12/31/15 20:18,2015,12,Thursday,20,Part Three,HARRISON AVE,42.35203089,-71.0612632,"(42.35203089, -71.06126320)"
I152107824,614,Larceny From Motor Vehicle,LARCENY THEFT FROM MV - NON-ACCESSORY,C11,377,,12/31/15 16:00,2015,12,Thursday,16,Part One,TRAIN ST,42.29001018,-71.05268862,"(42.29001018, -71.05268862)"
I152107823,3410,Towed,TOWED MOTOR VEHICLE,E18,519,,12/31/15 20:14,2015,12,Thursday,20,Part Three,FAIRMOUNT AVE,42.25489549,-71.1201768,"(42.25489549, -71.12017680)"
I152107822,3115,Investigate Person,INVESTIGATE PERSON,B3,410,,12/31/15 20:33,2015,12,Thursday,20,Part Three,OLD MORTON ST,42.27430113,-71.07196905,"(42.27430113, -71.07196905)"
I152107821,3006,Medical Assistance,SICK/INJURED/MEDICAL - PERSON,B2,587,,12/31/15 19:33,2015,12,Thursday,19,Part Three,ALLEGHANY ST,42.33056977,-71.09959089,"(42.33056977, -71.09959089)"
I152107820,2900,Other,VAL - VIOLATION OF AUTO LAW - OTHER,B3,466,,12/31/15 19:38,2015,12,Thursday,19,Part Two,HARVARD ST,42.28594271,-71.09618534,"(42.28594271, -71.09618534)"
I152107819,3201,Property Lost,PROPERTY - LOST,C11, ,,12/31/15 19:10,2015,12,Thursday,19,Part Three,,,,"(0.00000000, 0.00000000)"
I152107818,1841,Drug Violation,DRUGS - POSS CLASS A - INTENT TO MFR DIST DISP,E13,916,,12/31/15 19:01,2015,12,Thursday,19,Part Two,BICKFORD ST,42.32483301,-71.10164757,"(42.32483301, -71.10164757)"
I152107818,1810,Drug Violation,DRUGS - SALE / MANUFACTURING,E13,916,,12/31/15 19:01,2015,12,Thursday,19,Part Two,BICKFORD ST,42.32483301,-71.10164757,"(42.32483301, -71.10164757)"
I152107818,1843,Drug Violation,DRUGS - POSS CLASS B - INTENT TO MFR DIST DISP,E13,916,,12/31/15 19:01,2015,12,Thursday,19,Part Two,BICKFORD ST,42.32483301,-71.10164757,"(42.32483301, -71.10164757)"
I152107817,3207,Property Found,PROPERTY - FOUND,E13,573,,12/31/15 18:06,2015,12,Thursday,18,Part Three,,,,"(0.00000000, 0.00000000)"
I152107816,3115,Investigate Person,INVESTIGATE PERSON,C11,398,,12/31/15 18:41,2015,12,Thursday,18,Part Three,BRENT ST,42.28918711,-71.06973172,"(42.28918711, -71.06973172)"
I152107815,3831,Motor Vehicle Accident Response,M/V - LEAVING SCENE - PROPERTY DAMAGE,C6,186,,12/31/15 19:05,2015,12,Thursday,19,Part Three,ALLSTATE RD,42.32809966,-71.06321676,"(42.32809966, -71.06321676)"
I152107814,1402,Vandalism,VANDALISM,E5,562,,12/31/15 19:33,2015,12,Thursday,19,Part Two,WASHINGTON ST,42.28788933,-71.12658585,"(42.28788933, -71.12658585)"
I152107813,617,Larceny,LARCENY THEFT FROM BUILDING,A1,102,,12/31/15 16:00,2015,12,Thursday,16,Part One,WINTER ST,42.35602373,-71.06177615,"(42.35602373, -71.06177615)"
I152107812,2629,Harassment,HARASSMENT,B2,586,,12/31/15 20:03,2015,12,Thursday,20,Part Two,PARKER ST,42.32855624,-71.09905446,"(42.32855624, -71.09905446)"
I152107810,301,Robbery,ROBBERY - STREET,C11,363,,12/31/15 19:31,2015,12,Thursday,19,Part One,WHITTEN ST,42.293755,-71.05789109,"(42.29375500, -71.05789109)"
I152107808,520,Residential Burglary,BURGLARY - RESIDENTIAL - FORCE,E5,555,,12/31/15 18:15,2015,12,Thursday,18,Part One,METROPOLITAN AVE,42.27698082,-71.12679675,"(42.27698082, -71.12679675)"
I152107807,3160,Fire Related Reports,"FIRE REPORT - CAR, BRUSH, ETC.",E18,493,,12/31/15 18:25,2015,12,Thursday,18,Part Three,REDDY AVE,42.26159385,-71.11124683,"(42.26159385, -71.11124683)"
I152107806,3006,Medical Assistance,SICK/INJURED/MEDICAL - PERSON,B2,309,,12/31/15 18:19,2015,12,Thursday,18,Part Three,BOWER ST,42.31996758,-71.08715022,"(42.31996758, -71.08715022)"
I152107805,361,Robbery,ROBBERY - OTHER,D4,130,,12/31/15 01:30,2015,12,Thursday,1,Part One,EXETER ST,42.34828759,-71.07891773,"(42.34828759, -71.07891773)"
I152107805,802,Simple Assault,ASSAULT SIMPLE - BATTERY,D4,130,,12/31/15 01:30,2015,12,Thursday,1,Part Two,EXETER ST,42.34828759,-71.07891773,"(42.34828759, -71.07891773)"
I152107803,301,Robbery,ROBBERY - STREET,B2,319,,12/31/15 18:36,2015,12,Thursday,18,Part One,CHENEY ST,42.30896597,-71.08447123,"(42.30896597, -71.08447123)"
I152107802,522,Residential Burglary,BURGLARY - RESIDENTIAL - NO FORCE,C11,346,,12/31/15 16:18,2015,12,Thursday,16,Part One,FOX ST,42.30665904,-71.06256742,"(42.30665904, -71.06256742)"
I152107800,3830,Motor Vehicle Accident Response,M/V - LEAVING SCENE - PERSONAL INJURY,B3,463,,12/31/15 18:19,2015,12,Thursday,18,Part Three,BLUE HILL AVE,42.29444321,-71.08821398,"(42.29444321, -71.08821398)"
I152107799,3301,Verbal Disputes,VERBAL DISPUTE,D4,952,,12/31/15 17:31,2015,12,Thursday,17,Part Three,EMERALD CT,42.34544105,-71.06704213,"(42.34544105, -71.06704213)"
I152107798,1106,Confidence Games,FRAUD - CREDIT CARD / ATM FRAUD,B2,297,,12/15/15 18:46,2015,12,Tuesday,18,Part Two,SAINT RICHARD ST,42.32318974,-71.08356389,"(42.32318974, -71.08356389)"
I152107797,3201,Property Lost,PROPERTY - LOST,C11, ,,12/31/15 18:28,2015,12,Thursday,18,Part Three,,,,"(0.00000000, 0.00000000)"
I152107796,3114,Investigate Property,INVESTIGATE PROPERTY,D4,631,,12/31/15 17:25,2015,12,Thursday,17,Part Three,COMMONWEALTH AVE,42.34903931,-71.09933787,"(42.34903931, -71.09933787)"
I152107795,3114,Investigate Property,INVESTIGATE PROPERTY,C11, ,,12/31/15 18:14,2015,12,Thursday,18,Part Three,GENEVA AVE,,,"(0.00000000, 0.00000000)"
I152107794,3006,Medical Assistance,SICK/INJURED/MEDICAL - PERSON,E18,521,,12/31/15 17:42,2015,12,Thursday,17,Part Three,MAPLE ST,42.2544451,-71.12242761,"(42.25444510, -71.12242761)"
I152107793,2610,Other,TRESPASSING,A1,111,,12/31/15 17:53,2015,12,Thursday,17,Part Two,TREMONT ST,42.35428377,-71.06380404,"(42.35428377, -71.06380404)"
I152107793,1503,Firearm Violations,"WEAPON - OTHER - CARRYING / POSSESSING, ETC",A1,111,,12/31/15 17:53,2015,12,Thursday,17,Part Two,TREMONT ST,42.35428377,-71.06380404,"(42.35428377, -71.06380404)"
I152107793,1848,Drug Violation,DRUGS - POSS CLASS D - INTENT TO MFR DIST DISP,A1,111,,12/31/15 17:53,2015,12,Thursday,17,Part Two,TREMONT ST,42.35428377,-71.06380404,"(42.35428377, -71.06380404)"
I152107793,2405,Disorderly Conduct,DISORDERLY CONDUCT,A1,111,,12/31/15 17:53,2015,12,Thursday,17,Part Two,TREMONT ST,42.35428377,-71.06380404,"(42.35428377, -71.06380404)"
I152107793,2660,Other,OTHER OFFENSE,A1,111,,12/31/15 17:53,2015,12,Thursday,17,Part Two,TREMONT ST,42.35428377,-71.06380404,"(42.35428377, -71.06380404)"
I152107792,3002,Medical Assistance,ANIMAL CONTROL - DOG BITES - ETC.,D4,161,,12/30/15 17:00,2015,12,Wednesday,17,Part Three,TREMONT ST,42.34701666,-71.06886238,"(42.34701666, -71.06886238)"
I152107791,802,Simple Assault,ASSAULT SIMPLE - BATTERY,C11,364,,12/31/15 17:53,2015,12,Thursday,17,Part Two,CENTRE ST,42.29451627,-71.05875403,"(42.29451627, -71.05875403)"
I152107791,1402,Vandalism,VANDALISM,C11,364,,12/31/15 17:53,2015,12,Thursday,17,Part Two,CENTRE ST,42.29451627,-71.05875403,"(42.29451627, -71.05875403)"
I152107790,413,Aggravated Assault,ASSAULT - AGGRAVATED - BATTERY,D4,903,,12/31/15 17:48,2015,12,Thursday,17,Part One,SHAWMUT AVE,42.33543394,-71.08076738,"(42.33543394, -71.08076738)"
I152107789,3831,Motor Vehicle Accident Response,M/V - LEAVING SCENE - PROPERTY DAMAGE,E13,572,,12/15/15 16:30,2015,12,Tuesday,16,Part Three,WASHINGTON ST,42.31408519,-71.09998685,"(42.31408519, -71.09998685)"
I152107788,2647,Other,THREATS TO DO BODILY HARM,E5,713,,12/31/15 09:25,2015,12,Thursday,9,Part Two,GROVE ST,42.26617852,-71.15959472,"(42.26617852, -71.15959472)"
I152107786,1830,Drug Violation,DRUGS - SICK ASSIST - HEROIN,C6,207,,12/31/15 17:25,2015,12,Thursday,17,Part Two,NORTHERN AVE,42.35235105,-71.04463592,"(42.35235105, -71.04463592)"
I152107785,3160,Fire Related Reports,"FIRE REPORT - CAR, BRUSH, ETC.",A1,83,,12/31/15 17:44,2015,12,Thursday,17,Part Three,HULL ST,42.36640323,-71.05472355,"(42.36640323, -71.05472355)"
I152107784,3301,Verbal Disputes,VERBAL DISPUTE,E18,495,,12/31/15 17:20,2015,12,Thursday,17,Part Three,GREENWOOD AVE,42.26597955,-71.1217959,"(42.26597955, -71.12179590)"
I152107783,3125,Warrant Arrests,WARRANT ARREST,C11, ,,12/31/15 16:42,2015,12,Thursday,16,Part Three,,42.29810706,-71.06246102,"(42.29810706, -71.06246102)"
I152107783,2905,Violations,VAL - OPERATING WITHOUT LICENSE,C11, ,,12/31/15 16:42,2015,12,Thursday,16,Part Two,,42.29810706,-71.06246102,"(42.29810706, -71.06246102)"
I152107782,2610,Other,TRESPASSING,A1,112,,12/31/15 14:56,2015,12,Thursday,14,Part Two,WASHINGTON ST,42.35512339,-71.0608798,"(42.35512339, -71.06087980)"
I152107782,613,Larceny,LARCENY SHOPLIFTING,A1,112,,12/31/15 14:56,2015,12,Thursday,14,Part One,WASHINGTON ST,42.35512339,-71.0608798,"(42.35512339, -71.06087980)"
I152107781,3006,Medical Assistance,SICK/INJURED/MEDICAL - PERSON,D4,270,,12/31/15 17:01,2015,12,Thursday,17,Part Three,NORTHAMPTON ST,42.33395125,-71.07538939,"(42.33395125, -71.07538939)"
I152107780,3006,Medical Assistance,SICK/INJURED/MEDICAL - PERSON,E18,481,,12/31/15 16:14,2015,12,Thursday,16,Part Three,CUMMINS HWY,42.26911567,-71.09647122,"(42.26911567, -71.09647122)"
I152107779,3831,Motor Vehicle Accident Response,M/V - LEAVING SCENE - PROPERTY DAMAGE,D4, ,,12/31/15 17:22,2015,12,Thursday,17,Part Three,,,,"(0.00000000, 0.00000000)"
I152107778,301,Robbery,ROBBERY - STREET,B2,319,,12/31/15 16:43,2015,12,Thursday,16,Part One,BLUE HILL AVE,42.30711484,-71.08425151,"(42.30711484, -71.08425151)"
I152107777,3114,Investigate Property,INVESTIGATE PROPERTY,B3,444,,12/31/15 17:05,2015,12,Thursday,17,Part Three,BRADSHAW ST,42.2986734,-71.08293869,"(42.29867340, -71.08293869)"
I152107774,3820,Motor Vehicle Accident Response,M/V ACCIDENT INVOLVING PEDESTRIAN - INJURY,E5,695,,12/31/15 15:51,2015,12,Thursday,15,Part Three,CENTRE ST,42.28728494,-71.15306857,"(42.28728494, -71.15306857)"
I152107773,3006,Medical Assistance,SICK/INJURED/MEDICAL - PERSON,B3,444,,12/31/15 16:05,2015,12,Thursday,16,Part Three,BLUE HILL AVE,42.29792661,-71.08689609,"(42.29792661, -71.08689609)"
I152107772,2647,Other,THREATS TO DO BODILY HARM,E13,906,,12/31/15 14:30,2015,12,Thursday,14,Part Two,HEATH ST,42.32610077,-71.10433335,"(42.32610077, -71.10433335)"
I152107772,3125,Warrant Arrests,WARRANT ARREST,E13,906,,12/31/15 14:30,2015,12,Thursday,14,Part Three,HEATH ST,42.32610077,-71.10433335,"(42.32610077, -71.10433335)"
I152107770,3807,Motor Vehicle Accident Response,M/V ACCIDENT - OTHER CITY VEHICLE,A1,93,,12/31/15 15:53,2015,12,Thursday,15,Part Three,CONGRESS ST,42.3588621,-71.05680967,"(42.35886210, -71.05680967)"
I152107769,3801,Motor Vehicle Accident Response,M/V ACCIDENT - OTHER,B3, ,,12/31/15 16:12,2015,12,Thursday,16,Part Three,,,,"(0.00000000, 0.00000000)"
I152107767,3114,Investigate Property,INVESTIGATE PROPERTY,B3,463,,12/31/15 15:42,2015,12,Thursday,15,Part Three,WILBERT RD,42.29406247,-71.09004553,"(42.29406247, -71.09004553)"
I152107766,3007,Medical Assistance,SUDDEN DEATH,B3,432,,12/31/15 15:21,2015,12,Thursday,15,Part Three,WOODROW AVE,42.28712049,-71.08421139,"(42.28712049, -71.08421139)"
I152107765,617,Larceny,LARCENY THEFT FROM BUILDING,B2,304,,12/24/15 15:50,2015,12,Thursday,15,Part One,DIMOCK ST,42.31949779,-71.09707352,"(42.31949779, -71.09707352)"
I152050507,613,Larceny,LARCENY SHOPLIFTING,D4,134,,6/18/15 12:46,2015,6,Thursday,12,Part One,BOYLSTON ST,42.35095909,-71.0741278,"(42.35095909, -71.07412780)"
I152050505,1001,Counterfeiting,FORGERY / COUNTERFEITING,B2,319,,6/18/15 12:44,2015,6,Thursday,12,Part Two,SCHUYLER ST,42.30911422,-71.08667126,"(42.30911422, -71.08667126)"
I152050503,3201,Property Lost,PROPERTY - LOST,A1,84,,6/18/15 11:40,2015,6,Thursday,11,Part Three,PARMENTER ST,42.36386192,-71.05495132,"(42.36386192, -71.05495132)"
I152050501,3002,Medical Assistance,ANIMAL CONTROL - DOG BITES - ETC.,D4,166,,6/17/15 08:30,2015,6,Wednesday,8,Part Three,SHAWMUT AVE,42.34177501,-71.07124466,"(42.34177501, -71.07124466)"
I152050500,3410,Towed,TOWED MOTOR VEHICLE,E13,579,,6/18/15 00:00,2015,6,Thursday,0,Part Three,CHESTNUT AVE,42.32239123,-71.10196448,"(42.32239123, -71.10196448)"
I152050498,1106,Confidence Games,FRAUD - CREDIT CARD / ATM FRAUD,C11,377,,6/18/15 12:24,2015,6,Thursday,12,Part Two,ASHMONT ST,42.28922074,-71.05182976,"(42.28922074, -71.05182976)"
I152050497,613,Larceny,LARCENY SHOPLIFTING,A1,112,,6/18/15 10:49,2015,6,Thursday,10,Part One,WASHINGTON ST,42.35512339,-71.0608798,"(42.35512339, -71.06087980)"
I152050497,2610,Other,TRESPASSING,A1,112,,6/18/15 10:49,2015,6,Thursday,10,Part Two,WASHINGTON ST,42.35512339,-71.0608798,"(42.35512339, -71.06087980)"
I152050496,727,Auto Theft,AUTO THEFT - LEASED/RENTED VEHICLE,B2,604,,6/17/15 21:30,2015,6,Wednesday,21,Part One,WAIT ST,42.33302058,-71.1062127,"(42.33302058, -71.10621270)"
I152050496,3202,Property Found,PROPERTY - LOST THEN LOCATED,B2,604,,6/17/15 21:30,2015,6,Wednesday,21,Part Three,WAIT ST,42.33302058,-71.1062127,"(42.33302058, -71.10621270)"
I152050494,3109,Police Service Incidents,SERVICE TO OTHER PD INSIDE OF MA.,B2,316,,6/18/15 00:00,2015,6,Thursday,0,Part Three,SEAVER ST,42.31275031,-71.09388736,"(42.31275031, -71.09388736)"
I152050493,2006,Restraining Order Violations,VIOL. OF RESTRAINING ORDER W ARREST,B3,450,,6/18/15 11:10,2015,6,Thursday,11,Part Two,DUNLAP ST,42.29281079,-71.07327594,"(42.29281079, -71.07327594)"
I152050493,2007,Restraining Order Violations,VIOL. OF RESTRAINING ORDER W NO ARREST,B3,450,,6/18/15 11:10,2015,6,Thursday,11,Part Two,DUNLAP ST,42.29281079,-71.07327594,"(42.29281079, -71.07327594)"
I152050492,1107,Fraud,FRAUD - IMPERSONATION,B2,306,,6/18/15 12:03,2015,6,Thursday,12,Part Two,CODMAN PARK,42.31904705,-71.09399992,"(42.31904705, -71.09399992)"
I152050491,613,Larceny,LARCENY SHOPLIFTING,A1,116,,6/16/15 15:56,2015,6,Tuesday,15,Part One,WASHINGTON ST,42.35272948,-71.06256291,"(42.35272948, -71.06256291)"
I152050490,2629,Harassment,HARASSMENT,B2,612,,6/18/15 10:42,2015,6,Thursday,10,Part Two,LONGWOOD AVE,42.33744152,-71.10428096,"(42.33744152, -71.10428096)"
I152050488,3820,Motor Vehicle Accident Response,M/V ACCIDENT INVOLVING PEDESTRIAN - INJURY,A1,113,,6/18/15 11:15,2015,6,Thursday,11,Part Three,KINGSTON ST,42.35370585,-71.05898587,"(42.35370585, -71.05898587)"
I152050487,1001,Counterfeiting,FORGERY / COUNTERFEITING,B2,297,,6/18/15 11:48,2015,6,Thursday,11,Part Two,KENSINGTON PARK,42.32171349,-71.08260822,"(42.32171349, -71.08260822)"
I152050485,3006,Medical Assistance,SICK/INJURED/MEDICAL - PERSON,B3,425,,6/18/15 09:57,2015,6,Thursday,9,Part Three,FREMONT ST,42.27152449,-71.09295148,"(42.27152449, -71.09295148)"
I152050483,3410,Towed,TOWED MOTOR VEHICLE,D14,786,,6/18/15 11:36,2015,6,Thursday,11,Part Three,CUMMINGS RD,42.34041044,-71.14372963,"(42.34041044, -71.14372963)"
I090321958-00,3125,Warrant Arrests,WARRANT ARREST,C11,355,,2/1/16 01:43,2016,2,Monday,1,Part Three,GENEVA AVE,,,"(0.00000000, 0.00000000)"
I090321958-00,3125,Warrant Arrests,WARRANT ARREST,C11,355,,2/1/16 01:43,2016,2,Monday,1,Part Three,GENEVA AVE,,,"(0.00000000, 0.00000000)"
I090317057-00,403,Aggravated Assault,ASSAULT & BATTERY D/W - OTHER,B3,458,,11/20/15 11:15,2015,11,Friday,11,Part One,BLUE HILL AVE,42.3018969,-71.08554944,"(42.30189690, -71.08554944)"
I090317057-00,3125,Warrant Arrests,WARRANT ARREST,B3,458,,11/20/15 11:15,2015,11,Friday,11,Part Three,BLUE HILL AVE,42.3018969,-71.08554944,"(42.30189690, -71.08554944)"
I080542626-00,3125,Warrant Arrests,WARRANT ARREST,A1,111,,8/12/15 12:00,2015,8,Wednesday,12,Part Three,BOYLSTON ST,42.3523119,-71.0637051,"(42.35231190, -71.06370510)"
I080542626-00,1848,Drug Violation,DRUGS - POSS CLASS B - INTENT TO MFR DIST DISP,A1,111,,8/12/15 12:00,2015,8,Wednesday,12,Part Two,BOYLSTON ST,42.3523119,-71.0637051,"(42.35231190, -71.06370510)"
I080542626-00,1849,Drug Violation,"DRUGS - POSS CLASS B - COCAINE, ETC.",A1,111,,8/12/15 12:00,2015,8,Wednesday,12,Part Two,BOYLSTON ST,42.3523119,-71.0637051,"(42.35231190, -71.06370510)"
I060168073-00,1864,Drug Violation,DRUGS - POSS CLASS D - INTENT MFR DIST DISP,E13,912,,1/27/18 14:01,2018,1,Saturday,14,Part Two,CENTRE ST,42.32283759,-71.10096723,"(42.32283759, -71.10096723)"
I060168073-00,3125,Warrant Arrests,WARRANT ARREST,E13,912,,1/27/18 14:01,2018,1,Saturday,14,Part Three,CENTRE ST,42.32283759,-71.10096723,"(42.32283759, -71.10096723)"
I050310906-00,3125,Warrant Arrests,WARRANT ARREST,D4,285,,6/5/16 17:25,2016,6,Sunday,17,Part Three,COVENTRY ST,42.33695098,-71.08574813,"(42.33695098, -71.08574813)"
I030217815-08,111,Homicide,"MURDER, NON-NEGLIGIENT MANSLAUGHTER",E18,520,,7/9/15 13:38,2015,7,Thursday,13,Part One,RIVER ST,42.25592648,-71.12317207,"(42.25592648, -71.12317207)"
I030217815-08,3125,Warrant Arrests,WARRANT ARREST,E18,520,,7/9/15 13:38,2015,7,Thursday,13,Part Three,RIVER ST,42.25592648,-71.12317207,"(42.25592648, -71.12317207)"
I010370257-00,3125,Warrant Arrests,WARRANT ARREST,E13,569,,5/31/16 19:35,2016,5,Tuesday,19,Part Three,NEW WASHINGTON ST,42.30233307,-71.11156487,"(42.30233307, -71.11156487)"
142052550,3125,Warrant Arrests,WARRANT ARREST,D4,903,,6/22/15 00:12,2015,6,Monday,0,Part Three,WASHINGTON ST,42.33383935,-71.08029038,"(42.33383935, -71.08029038)"